covidence_id,author,pub_year,setting,study_id,study_year,sample_desc,gscale_id,gini_val,sample_size,id,y,s,yi,si,main,rob,exp_var,exp_meas,out_var,out_meas,out_est,timelag_n,fu_cat,timelag_cat,usa_cat,region_cat,gscale_cat,gini_cat,adjust_cat,age_cat,dummy_cat,ref_id,author_comb,study_desc,exp_min,exp_max,exp_mn,exp_sd,exp_med,adjust_ind,adjust_area,out_min,out_max,women_prop,age_mn,age_rng,out_desc,out_cases,out_n,out_prop,gscale_n,gscale_desc,auth_dup,rob_conf,rob_select,rob_class,rob_dev,rob_miss,rob_outcome,rob_report,rown
#9202,Adeline,2017,Europe,SHARE,2013,whole sample,countries,0.33,63626,1,2.60459,0.15928,0.1302295,0.007964,1,2,continuous,Theil,ordinal,upper,probit,0,1,0,0,2,2,1,1,0,1,129,"Adeline and Delattre, 2017","Survey of Health, Ageing and Retirement in Europe (SHARE)",0.1578,0.8224,0.33,0.19,NA,"age, gender, individual income, income squared, number of years of education, job situation, marital status","GDP, country dummy variables",NA,5,NA,NA,>50,highest of 5,NA,63626,NA,15,countries,Adeline and Delattre (2017),1,2,2,0,no information,1,1,1
#8792,Baum,2016,Australia,HILDA,2006,whole sample,neighbourhoods,0.336,1680,2,1.007,0.44166666666666665,0.05035,0.022083333333333333,1,2,continuous,Theil,ordinal,upper,logit,0,2,0,0,1,0,1,0,0,0,130,"Baum, et al., 2016",Household Income and Labour Dynamics in Australia (HILDA) survey,NA,NA,NA,NA,NA,"age, gender, low income household, has university degree, employed/unemployed, overweight, obese, smoker, not currently physically active",NR,NA,3,0.504,NA,18-96,highest of 3,NA,1680,NA,NA,neighbourhoods,Baum et al (2016),2,0,2,0,2,0,1,1
#7637,Bjornstorm,2011,Los Angeles,LA FANS,2000-2001,whole sample,census tracts,0.43,2176,3,-0.095,1.169,-0.004750000000000001,0.05845,1,3,continuous,Gini,dichot,lower,logit,0,2,0,1,4,0,2,1,0,0,131,"Bjornstrom and Medicine, 2011",Los Angeles Family and Neighborhood Survey (L.A. FANS),NA,NA,0.43,0.05,NA,"age, gender, family income,  education, currently working, relative position, marital status, race, recent move, parent, family size, BMI, current smoker, health insurance","mortality rate, homicide rate",2,5,0.56999999999999995,30,>18,lower 2 of 5,479,2176,0.22012867647058823,65,census tracts,Bjornstrom (2011),3,1,2,0,no information,1,1,1
#8238,Bobak,2000,Ex-communist countries,NDB,1996-1998,whole sample,countries,0.353,5330,4,0.02821121123306355,0.01249018280057917,0.0014105605616531777,6.245091400289586e-4,1,3,continuous,Gini,dichot,lower,OR,0,0,0,0,2,2,1,0,0,0,133,"Bobak, et al., 2000","New Democracies Barometer (NDB), New Baltic Barometer (NBB), and New Russia Barometer (NRB)",0.26,0.446,0.353,NA,NA,"age, gender, material deprivation, education, perceived control",NR,2,5,0.54390243902439028,NA,>20,lower 2 of 5,713.25,15331,0.185,7,post-communist countries,Bobak et al (2000),3,1,2,0,no information,1,1,1
#17943,Bobak,2007,Central and Eastern Europe,NEB,2004,whole sample,countries,0.408,15331,5,0.2955880224154443,0.8625488242275483,0.014779401120772216,0.04312744121137742,1,2,continuous,Gini,dichot,lower,OR,0,1,0,0,2,2,2,1,0,0,132,"Bobak, et al., 2007",New European Barometer (NEB),NA,NA,0.408,NA,NA,"age, gender, quartile of household income, education, marital status, number of household items",GDP,2,5,0.54908355619333382,46,>18,lower 2 of 5,2836.288,5330,0.13381801125703566,13,post-communist countries,Bobak et al (2007),2,2,0,0,no information,1,1,1
#17943,Bobak,2007,Central and Eastern Europe,NEB,2004,whole sample,countries,0.408,15331,6,1.1332868530700326,0.931752597697265,0.056664342653501634,0.04658762988486326,0,2,continuous,Gini,dichot,lower,OR,0,2,0,0,2,2,2,0,0,0,132,"Bobak, et al., 2007",New European Barometer (NEB),NA,NA,0.408,NA,NA,"age, gender, quartile of household income, education, marital status, number of household items",GDP,2,5,0.54908355619333382,46,>18,lower 2 of 5,2836.288,5330,0.13381801125703566,13,post-communist countries,Bobak et al (2007),2,2,0,0,no information,1,1,2
#7656,Cai,2020,China,CHNS,1991-2006,Rural dwellers,communities,0.322,18582,7,1.637,0.169,0.08185,0.008450000000000001,0,2,continuous,Gini,dichot,upper,logit,0,1,0,0,1,0,1,1,0,1,134,"Cai, et al., 2020",China Health and Nutrition Survey (CHNS),NA,NA,0.396,0.0055,NA,"age, gender, household income (per capita), education level, work status, marital status, household size, smoking history, alcohol consumption, health insurance, availability of tap water, toilet types",dummy variables for regions and temporal changes,2,4,0.48599999999999999,NA,>18,upper 2 of 4,12964.479999999998,40514,0.31999999999999995,9,provinces,Cai et al (2020),2,1,2,0,no information,1,1,1
#7656,Cai,2020,China,CHNS,1991-2006,Urban dwellers,communities,0.269,6800,8,1.483,0.275,0.07415000000000001,0.013750000000000002,0,2,continuous,Gini,dichot,upper,logit,0,0,0,0,1,0,0,1,0,1,134,"Cai, et al., 2020",China Health and Nutrition Survey (CHNS),NA,NA,0.396,0.0055,NA,"age, gender, household income (per capita), education level, work status, marital status, household size, smoking history, alcohol consumption, health insurance, availability of tap water, toilet types",dummy variables for regions and temporal changes,2,4,0.48599999999999999,NA,>18,upper 2 of 4,12964.479999999998,40514,0.31999999999999995,9,provinces,Cai et al (2020),2,1,2,0,no information,1,1,2
#7656,Cai,2020,China,CHNS,1991-2006,Rural dwellers,province,0.396,18582,9,4.857,0.277,0.24285,0.013850000000000001,1,2,continuous,Gini,dichot,upper,logit,0,2,0,0,1,1,1,1,0,1,134,"Cai, et al., 2020",China Health and Nutrition Survey (CHNS),NA,NA,0.396,0.0055,NA,"age, gender, household income (per capita), education level, work status, marital status, household size, smoking history, alcohol consumption, health insurance, availability of tap water, toilet types",dummy variables for regions and temporal changes,2,4,0.48599999999999999,NA,>18,upper 2 of 4,12964.479999999998,40514,0.31999999999999995,9,provinces,Cai et al (2020),2,1,2,0,no information,1,1,3
#7656,Cai,2020,China,CHNS,1991-2006,Urban dwellers,province,0.397,6800,10,3.589,0.443,0.17945,0.022150000000000003,1,2,continuous,Gini,dichot,upper,logit,0,1,0,0,1,1,1,1,0,1,134,"Cai, et al., 2020",China Health and Nutrition Survey (CHNS),NA,NA,0.396,0.0055,NA,"age, gender, household income (per capita), education level, work status, marital status, household size, smoking history, alcohol consumption, health insurance, availability of tap water, toilet types",dummy variables for regions and temporal changes,2,4,0.48599999999999999,NA,>18,upper 2 of 4,12964.479999999998,40514,0.31999999999999995,9,provinces,Cai et al (2020),2,1,2,0,no information,1,1,4
#7137,Chan,2017,Hong Kong,HKPSSD,2011,whole sample,districts,0.525,6272,11,0.044973365642731196,0.03778139332572112,0.00224866828213656,0.001889069666286056,0,NA,continuous,Yitzhaki,ordinal,lower,OR,0,1,0,0,1,0,2,0,0,0,NA,NA,NA,NA,NA,NA,NA,NA,NA,NA,NA,NA,NA,NA,NA,NA,NA,NA,NA,NA,NA,NA,NA,NA,NA,NA,NA,NA,NA,1
#6758,Chen,2012,United States,BRFSS,2000,whole sample,counties,0.4303,134510,12,-0.076,0.202,-0.0038,0.010100000000000001,0,2,continuous,Gini,dichot,upper,logit,0,2,0,1,4,0,2,1,0,0,135,"Chen and Gotway, 2012",Behavioral Risk Factor Surveillance System (BRFSS),0.396,0.542,0.442,NA,NA,"age, gender, income, education, employment status, marital status, race/ethnicity","county-level median household income, proportion in poverty, state, county inequalities, residual state-level inequalities (indicates between-county income inequality)",2,5,0.58779791838954576,NA,≥18,upper 2 of 5,57581.66700000001,134223,0.42900000000000005,52,states (incl District of Columbia and Puerto Rico),Chen et al (2012),1,2,0,0,2,1,1,1
#6758,Chen,2012,United States,BRFSS,2000,whole sample,state,0.442,134510,13,-0.017,0.178,-8.500000000000001e-4,0.0089,1,2,continuous,Gini,dichot,upper,logit,0,0,0,1,4,1,2,1,0,0,135,"Chen and Gotway, 2012",Behavioral Risk Factor Surveillance System (BRFSS),0.396,0.542,0.442,NA,NA,"age, gender, income, education, employment status, marital status, race/ethnicity","county-level median household income, proportion in poverty, state, county inequalities, residual state-level inequalities (indicates between-county income inequality)",2,5,0.58779791838954576,NA,≥18,upper 2 of 5,57581.66700000001,134223,0.42900000000000005,52,states (incl District of Columbia and Puerto Rico),Chen et al (2012),1,2,0,0,2,1,1,2
#6697,Chiavegatto,2012,Brazil,HWBA,2000-2001,whole sample,districts,0.547,2143,14,2.4850472446205423,1.3655260009037515,0.12425236223102712,0.06827630004518757,0,2,continuous,Gini,dichot,lower,OR,0,1,0,0,3,0,2,1,1,0,136,"Chiavegatto, et al., 2012","Health, Well-Being and Aging study",NA,NA,0.57,0.069,NA,"age, gender, individual income, education, BMI, regular physical exercise, smoking",homicide rate,1,5,0.59,NA,>60,lower 1 of 5,200,2143,0.09332711152589827,49,districts,Chiavegatto et al (2012),1,0,2,0,0,0,1,1
#6697,Chiavegatto,2012,Brazil,HWBA,2000-2001,whole sample,districts,0.547,2143,15,2.4850472446205423,1.314554794708632,0.12425236223102712,0.0657277397354316,1,2,continuous,Gini,dichot,lower,OR,0,0,0,0,3,0,2,0,1,0,136,"Chiavegatto, et al., 2012","Health, Well-Being and Aging study",NA,NA,0.57,0.069,NA,"age, gender, individual income, education, BMI, regular physical exercise, smoking",homicide rate,1,5,0.59,NA,>60,lower 1 of 5,200,2143,0.09332711152589827,49,districts,Chiavegatto et al (2012),1,0,2,0,0,0,1,2
#6650,Choi,2015,United States,HRS,2000-2010,whole sample,counties,0.466,34994,16,0.750521094748366,0.22762378321171997,0.0375260547374183,0.011381189160586,1,2,continuous,Gini,dichot,lower,OR,0,0,0,0,4,0,2,0,1,0,137,"Choi, et al., 2015",Health and Retirement Study (HRS),0.332,0.6,0.46599999999999997,NA,NA,"age, gender, wealth, income, education, marital status, race/ethnicity, years of living in/around current residence",NR,2,5,0.58499999999999996,NA,>50,lower 2 of 5,10638.176,34994,0.304,3141,counties,Choi et al (2015),2,1,0,0,2,1,1,1
#5595,Evans,2020,Europe,EQLS,2003-2012,whole sample,countries,0.317,64912,17,-0,0.23680640920148166,-0,0.011840320460074084,1,2,continuous,Gini,ordinal,upper,logit,0,2,0,0,2,2,1,1,0,0,139,"Evans and Kelley, 2020",European Quality of Life Surveys (EQLS),NA,NA,NA,NA,NA,"age, gender, income, education, marital status, attended worship services",GDP,NA,5,NA,NA,>18,highest of 5,NA,64912,NA,24,countries,Evans et al (2020),2,1,2,0,2,1,1,1
#5023,Feng,2012,China,CLHLS,2008,whole sample,province,0.5,14744,18,1.9,0.8,0.095,0.04000000000000001,1,2,continuous,Gini,dichot,lower,logit,0,2,0,0,1,1,2,0,1,0,140,"Feng, et al., 2012",Chinese Longitudinal Healthy Longevity Survey (CLHLS),0.27,0.74,0.5,NA,NA,"age, gender, family equivalised income, education, schooling/non-schooling, with/without old-age insurance, urban/rural residence",NR,2,5,0.55200000000000005,86,60–116,lower 2 of 5,2395,14744,0.162438958220293,23,provinces,Feng et al (2012),1,0,0,0,2,1,1,1
#5023,Feng,2012,China,CLHLS,1990,whole sample,province,0.5,14744,19,4,4.1000000000000005,0.2,0.20500000000000004,0,2,continuous,Gini,dichot,lower,logit,18,0,1,0,1,1,2,0,1,0,140,"Feng, et al., 2012",Chinese Longitudinal Healthy Longevity Survey (CLHLS),0.27,0.74,0.5,NA,NA,"age, gender, family equivalised income, education, schooling/non-schooling, with/without old-age insurance, urban/rural residence",NR,2,5,0.55200000000000005,86,60–116,lower 2 of 5,2395,14744,0.162438958220293,23,provinces,Feng et al (2012),1,0,0,0,2,1,1,2
#4928,Fiscella,2000,United States,NHANES,1982-1984,whole sample,primary sampling units,0.275,13280,20,0.13976194237515863,0.015465748935856479,0.006988097118757932,7.73287446792824e-4,1,3,continuous,median share,dichot,lower,OR,0,2,0,0,4,0,0,0,0,0,141,"Fiscella and Franks, 2000",National Health and Nutrition Examination Survey (NHANES),0.18,0.37,NA,NA,0.275,"age, gender, household income, family size",NR,NA,5,NA,NA,25-74,highest of 5,NA,13280,NA,105,primary sampling units,Fiscella et al (2000),3,1,2,0,1,1,1,1
#7553,Góngora-Salazar,2022,Colombia,DANE,2011-2019,whole sample,regions,0.51,567678,21,0.8688,0.3303422053231939,0.043440000000000006,0.016517110266159696,1,1,continuous,Gini,dichot,lower,probit,0,2,0,0,3,1,2,1,0,0,142,"Góngora-Salazar, et al., 2022",Departamento Administrativo Nacional de Estadística (DANE),0.42,0.54,0.51,NA,NA,"age, gender, household income, household size, equivalised income, ethnicity, martial status, health insurance status, level of education, employment status, urban dwelling, household tenure","mean regional income, area-level socioeconomic development",2,4,0.52,44,24-75,lower 2 of 4,130565.94,567678,0.23,9,regions,Góngora-Salazar (2022),1,1,1,0,no information,1,1,1
#3626,Gravelle,2008,United Kingdom,GHS,1979-2001,whole sample,regions,0.3228,231208,22,-1.7014,0.5004117647058824,-0.08507,0.025020588235294124,0,2,continuous,Gini,ordinal,upper,probit,0,2,0,0,2,1,1,1,0,1,143,"Gravelle and Sutton, 2009",British General Household Survey (GHS),0.2516,0.4501,0.3228,0.0377,NA,"age, gender, gross household income, social class, educational attainment, housing tenure, health status",regional mean income,NA,3,0.52480000000000004,41,17-29,highest of 3,NA,231208,NA,11,regions,Gravelle and Sutton (2008),1,1,2,0,no information,1,1,1
#3626,Gravelle,2008,United Kingdom,GHS,1979-2001,whole sample,regions,0.3228,231208,23,2.8960000000000004,0.2585714285714286,0.1448,0.012928571428571432,1,2,continuous,Gini,ordinal,upper,probit,0,2,0,0,2,1,1,1,0,0,143,"Gravelle and Sutton, 2009",British General Household Survey (GHS),0.2516,0.4501,0.3228,0.0377,NA,"age, gender, gross household income, social class, educational attainment, housing tenure, health status",regional mean income,NA,3,0.52480000000000004,41,17-29,highest of 3,NA,231208,NA,11,regions,Gravelle and Sutton (2008),1,1,2,0,no information,1,1,2
#3282,Haithcoat,2019,United States,BRFSS,2014-2016,whole sample,state,0.46,95461,24,1.57194370800652,0.9515397748223486,0.07859718540032601,0.04757698874111743,1,2,continuous,Gini,dichot,lower,OR,0,2,0,1,4,1,2,1,0,0,144,"Haithcoat, et al., 2021",Behavioral Risk Factor Surveillance System (BRFSS),0.32,0.63,0.46,0.02,NA,"age, gender, race/ethnicity, educational attainment, relationship status, income, insurance, current smoker, alcohol consumption, exercise in past 30 days","median household income, % receiving SNAP, % insured",2,5,0.55000000000000004,NA,18-80,lower 2 of 5,17182.98,95461,0.18,48,states,Haithcoat et al (2019),2,1,2,0,no information,0,1,1
#3438,Hildebrand,2009,Europe,ECHP,1995-2001,Men,regions,0.3,245102,25,0.9955000000000002,0.2331381733021078,0.049775000000000014,0.01165690866510539,1,2,continuous,Gini,dichot,lower,probit,0,0,0,0,2,2,0,0,0,1,145,"Hildebrand and Van, 2009",European Community Household Panel survey (ECHP),0.2,0.41,0.029,NA,NA,"age, gender, household income, education, marital status",country of residence,2,5,0.51618048235484548,47,25-74,lower 2 of 5,42336.39727272726,506598,0.08357000476260716,52,reigions,Hildebrand and Van Kerm (2009),2,1,2,0,no information,0,1,1
#3438,Hildebrand,2009,Europe,ECHP,1995-2001,Women,regions,0.3,261496,26,0.7059000000000001,0.23297029702970298,0.03529500000000001,0.01164851485148515,1,2,continuous,Gini,dichot,lower,probit,0,1,0,0,2,2,0,0,0,1,145,"Hildebrand and Van, 2009",European Community Household Panel survey (ECHP),0.2,0.41,0.029,NA,NA,"age, gender, household income, education, marital status",country of residence,2,5,0.51618048235484548,47,25-74,lower 2 of 5,42336.39727272726,506598,0.08357000476260716,52,reigions,Hildebrand and Van Kerm (2009),2,1,2,0,no information,0,1,2
#3438,Hildebrand,2009,Europe,ECHP,1995-2001,Men,countries,0.29,245102,27,2.1358,0.362,0.10679000000000001,0.0181,0,2,continuous,Gini,dichot,lower,probit,0,1,0,0,2,2,0,0,0,1,145,"Hildebrand and Van, 2009",European Community Household Panel survey (ECHP),0.2,0.41,0.029,NA,NA,"age, gender, household income, education, marital status",country of residence,2,5,0.51618048235484548,47,25-74,lower 2 of 5,42336.39727272726,506598,0.08357000476260716,52,reigions,Hildebrand and Van Kerm (2009),2,1,2,0,no information,0,1,3
#3438,Hildebrand,2009,Europe,ECHP,1995-2001,Women,countries,0.29,261496,28,1.2489,0.35785100286532945,0.062445,0.01789255014326647,0,2,continuous,Gini,dichot,lower,probit,0,0,0,0,2,2,0,0,0,1,145,"Hildebrand and Van, 2009",European Community Household Panel survey (ECHP),0.2,0.41,0.029,NA,NA,"age, gender, household income, education, marital status",country of residence,2,5,0.51618048235484548,47,25-74,lower 2 of 5,42336.39727272726,506598,0.08357000476260716,52,reigions,Hildebrand and Van Kerm (2009),2,1,2,0,no information,0,1,4
#2477,Ichida,2009,Japan,AGES,2003,whole sample,communities,0.31,15225,29,0.01980262729617973,0.012319177675888105,9.901313648089866e-4,6.159588837944053e-4,1,2,continuous,Gini,dichot,lower,logit,0,1,0,0,1,0,1,1,1,0,147,"Ichida, et al., 2009",Aichi Gerontological Evaluation Study Project (AGES),0.26,0.41,0.31,NA,NA,"age, gender, equivalised annual income (before tax), marital status, educational attainment and type of housing","average income, % trust",2,4,0.51800000000000002,72.8,65-101,lower 2 of 4,4293.45,15225,0.282,25,Kyuusons (communities),Ichida et al (2009),1,2,0,0,2,1,1,1
#2477,Ichida,2010,Japan,AGES,2003,whole sample,communities,0.31,15225,29,0.016,1.19,8e-4,0.0595,0,2,continuous,Gini,dichot,lower,logit,0,1,0,0,1,0,1,1,1,0,147,"Ichida, et al., 2009",Aichi Gerontological Evaluation Study Project (AGES),0.26,0.41,0.31,NA,NA,"age, gender, equivalised annual income (before tax), marital status, educational attainment and type of housing","average income, % trust",2,4,0.51800000000000002,72.8,65-101,lower 2 of 4,4293.45,15225,0.282,25,Kyuusons (communities),Ichida et al (2009),1,2,0,0,2,1,1,2
#2396,Jen,2009,Worldwide,WVS,1981-2000,whole sample,countries,0.397,171264,30,-0.068,0.013,-0.0034000000000000002,6.5e-4,1,2,continuous,Gini,dichot,lower,logit,0,2,0,0,0,2,1,1,0,0,148,"Jen, et al., 2009",World Values Survey (WVS),0.23,0.56,0.397,0.0647,NA,"age, gender, individual income, marital status",GDP,1,3,0.48599999999999999,40.4,15-97,lower 1 of 3,59483,171264,0.34731759155455905,69,countries,Jen et al (2009),1,1,2,0,no information,1,1,1
#1865,Karlsdotter,2012,Spain,LCS,2007,whole sample,regions,0.272,28023,31,0.8531379168688864,0.23680640920148166,0.04265689584344432,0.011840320460074084,1,1,continuous,Gini,dichot,lower,OR,0,1,0,0,2,1,0,0,0,0,150,"Karlsdotter, et al., 2012",Life Conditions Survey (LCS),0.234,0.304,0.272,NA,NA,"age, gender, personal income, education level, unemployment, marital status, nationality",NR,2,5,0.52400000000000002,48,17–88,lower 2 of 5,9583.866,28023,0.342,17,regions,Karlsdotter et al (2012),1,0,1,0,no information,1,1,1
#1865,Karlsdotter,2012,Spain,LCS,2007,whole sample,regions,0.272,28023,32,0.8197798314933114,0.23680640920148166,0.04098899157466557,0.011840320460074084,0,1,continuous,Gini,dichot,lower,OR,17,1,1,0,2,1,0,0,0,0,150,"Karlsdotter, et al., 2012",Life Conditions Survey (LCS),0.234,0.304,0.272,NA,NA,"age, gender, personal income, education level, unemployment, marital status, nationality",NR,2,5,0.52400000000000002,48,17–88,lower 2 of 5,9583.866,28023,0.342,17,regions,Karlsdotter et al (2012),1,0,1,0,no information,1,1,2
#930,Kuo,2013,Taiwan,Taiwan-HPKAP,2002-2003,Men,NA,NA,8233,33,0.3920420877760237,0.06738684412703008,0.019602104388801184,0.0033693422063515045,0,NA,continuous,Yitzhaki,dichot,lower,OR,0,1,0,0,1,0,NA,0,0,0,NA,NA,NA,NA,NA,NA,NA,NA,NA,NA,NA,NA,NA,NA,NA,NA,NA,NA,NA,NA,NA,NA,NA,NA,NA,NA,NA,NA,NA,1
#930,Kuo,2013,Taiwan,Taiwan-HPKAP,2002-2003,Women,NA,NA,5459,34,0.22314355131420976,0.10176404023454985,0.01115717756571049,0.005088202011727493,0,NA,continuous,Yitzhaki,dichot,lower,OR,0,1,0,0,1,0,NA,0,0,0,NA,NA,NA,NA,NA,NA,NA,NA,NA,NA,NA,NA,NA,NA,NA,NA,NA,NA,NA,NA,NA,NA,NA,NA,NA,NA,NA,NA,NA,2
#17555,Latif,2015,Canada,CNPHS,1994-2006,whole sample,province,0.33,28952,35,-0.381,0.93,-0.01905,0.04650000000000001,0,NA,continuous,Gini,dichot,lower,logit,0,0,0,0,4,1,1,0,0,1,181,"Latif and Policy, 2015",NA,NA,NA,NA,NA,NA,NA,NA,NA,NA,NA,NA,NA,NA,NA,NA,NA,NA,NA,NA,NA,NA,NA,NA,NA,NA,NA,1
#17555,Latif,2015,Canada,CNPHS,1994-2006,whole sample,province,0.33,28952,36,0.655,0.608,0.03275,0.0304,0,NA,continuous,Gini,dichot,lower,logit,6,1,1,0,4,1,1,0,0,0,181,"Latif and Policy, 2015",NA,NA,NA,NA,NA,NA,NA,NA,NA,NA,NA,NA,NA,NA,NA,NA,NA,NA,NA,NA,NA,NA,NA,NA,NA,NA,NA,2
#14740,Oshio,2009,Japan,CSLCPHW,2004,whole sample,prefrecture,0.355,1305,37,2.33305684392465,3.824683350696148,0.11665284219623251,0.1912341675348074,0,2,continuous,Gini,dichot,lower,OR,0,1,0,0,1,1,1,1,0,0,154,"Oshio and Kobayashi, 2009",Comprehensive Survey of Living Conditions of People on Health and Welfare (CSLCPHW),0.302,0.409,0.355,0.029,NA,"age, gender, household income, education, marital status, smoking, drinking","individual social capital, prefecture median income, proportion >65, prefrecture social capital",2,5,0.52600000000000002,54,20-89,lower 2 of 5,298.845,1305,0.229,47,prefectures,Oshio and Kobayashi (2009),2,0,0,0,2,0,1,1
#14740,Oshio,2009,Japan,CSLCPHW,2004,whole sample,prefrecture,0.355,1305,38,1.0192690428118767,5.554897247439644,0.050963452140593835,0.2777448623719822,1,2,continuous,Gini,dichot,lower,OR,0,1,0,0,1,1,1,0,0,0,154,"Oshio and Kobayashi, 2009",Comprehensive Survey of Living Conditions of People on Health and Welfare (CSLCPHW),0.302,0.409,0.355,0.029,NA,"age, gender, household income, education, marital status, smoking, drinking","individual social capital, prefecture median income, proportion >65, prefrecture social capital",2,5,0.52600000000000002,54,20-89,lower 2 of 5,298.845,1305,0.229,47,prefectures,Oshio and Kobayashi (2009),2,0,0,0,2,0,1,2
#14945,Pei,2006,China,CHNS,1997,whole sample,province,0.203,9594,39,6.765864847381486,2.6126756980206247,0.3382932423690743,0.13063378490103125,0,NA,continuous,Gini,dichot,lower,OR,0,0,0,0,1,1,0,0,0,0,183,"Pei and Rodriguez, 2006",NA,NA,NA,NA,NA,NA,NA,NA,NA,NA,NA,NA,NA,NA,NA,NA,NA,NA,NA,NA,NA,NA,NA,NA,NA,NA,NA,1
#14945,Pei,2006,China,CHNS,1991,whole sample,province,0.203,9594,40,2.955880224154443,2.7138356724329364,0.14779401120772215,0.13569178362164683,0,NA,continuous,Gini,dichot,lower,OR,7,0,1,0,1,1,0,0,0,0,183,"Pei and Rodriguez, 2006",NA,NA,NA,NA,NA,NA,NA,NA,NA,NA,NA,NA,NA,NA,NA,NA,NA,NA,NA,NA,NA,NA,NA,NA,NA,NA,NA,2
#14945,Pei,2006,China,CHNS,1991-1997,whole sample,province,0.203,9594,41,2.955880224154443,0.7467071469423491,0.14779401120772215,0.03733535734711745,0,NA,continuous,Gini,dichot,lower,logit,0,1,0,0,1,1,0,0,0,0,183,"Pei and Rodriguez, 2006",NA,NA,NA,NA,NA,NA,NA,NA,NA,NA,NA,NA,NA,NA,NA,NA,NA,NA,NA,NA,NA,NA,NA,NA,NA,NA,NA,3
#14471,Qi,2012,Worldwide,WVS,2005 -2007,whole sample,countries,0.40013,61756,42,-1.5,1,-0.07500000000000001,0.05,1,2,continuous,Gini,dichot,upper,logit,0,2,0,0,0,2,1,1,0,0,155,"Qi, 2012",World Values Survey (WVS),0.2427,0.59887,0.40013,0.0942,NA,"age, gender, household income, education, marital status","GDP/capita, public health expenditure, % physicians, % immunization of measles, urban population",2,5,0.52100000000000002,42,15-98,upper 2 of 5,20008.943999999996,61756,0.32399999999999995,50,countries,Qi (2012),1,2,1,0,2,1,1,1
#14471,Qi,2012,Worldwide,WVS,2005 -2007,whole sample,countries,0.40013,61756,43,1.3,0.8999999999999999,0.065,0.045,0,2,continuous,Gini,dichot,upper,logit,0,1,0,0,0,2,1,0,0,0,155,"Qi, 2012",World Values Survey (WVS),0.2427,0.59887,0.40013,0.0942,NA,"age, gender, household income, education, marital status","GDP/capita, public health expenditure, % physicians, % immunization of measles, urban population",2,5,0.52100000000000002,42,15-98,upper 2 of 5,20008.943999999996,61756,0.32399999999999995,50,countries,Qi (2012),1,2,1,0,2,1,1,2
#9637,Sommet,2022,United States,GSS,2006-2016,whole sample,counties,0.45,12008,44,3.0459207484708575,2.3565055495826477,0.1522960374235429,0.11782527747913239,1,3,continuous,Gini,ordinal,upper,OR,0,0,0,1,4,0,2,1,0,0,158,"Sommet and Elliot, 2022",General Social Survey (GSS),NA,NA,0.45,0.01,NA,"age, gender, annual household income, education (number of year of school completed), race, employment status","median household income, proportion in poverty, unemployment rate, proportion education below 9th grade, population size",NA,3,0.55559999999999998,47.67 ,>18,highest of 3,1495,12008,NA,279,counties,Sommet (2022),3,0,1,0,1,0,1,1
#11971,Subramanian,2001,United States,BRFSS,1993-1994,whole sample,state,0.34,14692,45,2.2,1.76,0.11000000000000001,0.08800000000000001,0,NA,continuous,Gini,dichot,lower,logit,0,2,0,1,4,1,1,1,0,0,185,"Subramanian, et al., 2001",NA,NA,NA,NA,NA,NA,"age, gender, income, marital status, race, health care coverage, health check up in last year, smoking habit","per capita median income, % mistrust in area",NA,NA,NA,NA,NA,NA,NA,NA,NA,NA,NA,NA,NA,NA,NA,NA,NA,NA,NA,1
#11988,Subramanian,2003,United States,CPS,1995 - 1997,whole sample,state,0.429,90006,46,1.1653781624795165,1.106182228731118,0.05826890812397583,0.055309111436555904,1,1,continuous,Gini,dichot,lower,OR,0,1,0,1,4,1,2,1,0,0,159,"Subramanian, et al., 2003",Current Population Survey (CPS),0.395,0.466,0.429,0.025,NA,"age, gender, equivalized household income, race","state-level median household income, dummy variables for census divisions",2,5,NR,NA,>45,lower 2 of 5,NA,90006,0,50,states,Subramanian et al (2003a),1,1,0,0,no information,1,1,1
#11988,Subramanian,2003,United States,CPS,1995 - 1997,whole sample,state,0.429,90006,47,1.7235539248210483,1.30580651560932,0.08617769624105243,0.065290325780466,0,1,continuous,Gini,dichot,lower,OR,12,0,1,1,4,1,2,1,0,0,159,"Subramanian, et al., 2003",Current Population Survey (CPS),0.395,0.466,0.429,0.025,NA,"age, gender, equivalized household income, race","state-level median household income, dummy variables for census divisions",2,5,NR,NA,>45,lower 2 of 5,NA,90006,0,50,states,Subramanian et al (2003a),1,1,0,0,no information,1,1,2
#11977,Subramanian and Kawachi,2003,United States,CPS,1995 - 1997,whole sample,state,0.42,90006,48,5.400542744261204,1.4790680869098372,0.2700271372130602,0.07395340434549186,0,NA,continuous,Gini,dichot,lower,OR,0,1,0,1,4,1,2,1,0,1,184,"Subramanian and Kawachi, 2003",NA,NA,NA,NA,NA,NA,NA,NA,NA,NA,NA,NA,NA,NA,NA,NA,NA,NA,NA,NA,NA,NA,NA,NA,NA,NA,NA,1
#11977,Subramanian and Kawachi,2003,United States,CPS,1995 - 1997,whole sample,state,0.42,90006,49,6.586074942852006,1.2776289749697287,0.32930374714260036,0.06388144874848643,0,NA,continuous,Gini,dichot,lower,OR,0,2,0,1,4,1,2,0,0,1,184,"Subramanian and Kawachi, 2003",NA,NA,NA,NA,NA,NA,NA,NA,NA,NA,NA,NA,NA,NA,NA,NA,NA,NA,NA,NA,NA,NA,NA,NA,NA,NA,NA,2
#7639,Ting,2022,China,CHNS,1989-2015,whole sample,counties,0.463,78235,50,-3232.66,2.31147649555283,-161.633,0.11557382477764151,0,NA,continuous,Gini,dichot,upper,probit,0,1,0,0,1,1,2,1,0,0,NA,NA,NA,NA,NA,NA,NA,NA,NA,NA,NA,NA,NA,NA,NA,NA,NA,NA,NA,NA,NA,NA,NA,NA,NA,NA,NA,NA,NA,1
#7639,Ting,2022,China,CHNS,1989-2015,whole sample,counties,0.463,920,50,-562.91,8.067915720281492,-28.1455,0.40339578601407466,0,NA,continuous,Gini,dichot,upper,probit,0,2,0,0,1,1,2,1,0,0,NA,NA,NA,NA,NA,NA,NA,NA,NA,NA,NA,NA,NA,NA,NA,NA,NA,NA,NA,NA,NA,NA,NA,NA,NA,NA,NA,NA,NA,2
#10651,Vauclair,2015,Europe,ESS,2008-2009,whole sample,countries,0.317,7819,51,1.9,0.8999999999999999,0.095,0.045,1,3,continuous,Gini,dichot,lower,logit,0,2,0,0,2,2,1,0,1,0,161,"Vauclair, et al., 2015",European Social Survey (ESS),NA,NA,0.317,NA,NA,"age, gender, subjective poverty, education",NR,NA,5,0.59,77,>70,lowest of 5,NA,7819,NA,28,countries,Vauclair et al (2015),3,no information,2,low,no information,1,1,1
#10214,Wen,2003,United States,MCIC-MS,"1996, 1997, 1999",whole sample,neighbourhoods,0.41,3459,52,2.471,0.23680640920148166,0.12355000000000001,0.011840320460074084,1,2,continuous,Gini,dichot,lower,logit,6,1,1,1,4,0,2,1,0,0,163,"Wen, et al., 2003",Metropolitan Chicago Information Center Metro Survey (MCIC-MS),0.33,0.54,0.41,NA,NA,"age, gender, annual household income, education level, marital status, race/ethnicity, smoking behavior, high blood pressure, interview year",prior neighborhood health,2,4,0.6,45,>18,lower 2 of 4,760.98,3459,0.22,275,neighbourhoods,Wen et al (2003),1,1,0,0,2,1,1,1
#10014,Zheng,2009,United States,GSS,1972-2004,whole sample,country,0.429,30819,53,1.3787660946990992,0.45,0.06893830473495496,0.022500000000000003,1,2,continuous,Gini,ordinal,lower,OR,0,1,0,1,4,1,2,0,0,0,166,"Zheng, 2009",General Social Survey (GSS),0.395,0.466,0.429,0.025,NA,"age, sex, household income, race,education, work status, marital status",NR,NA,4,0.54600000000000004,44,18-89,lowest of 4,NA,30819,NA,1,country,Zheng (2009),1,0,2,0,2,0,1,1
#9933,Zimmerman,2006,United States,NLSY,2000,whole sample,counties,NA,4817,54,0.6830968447064438,0.30855490055991736,0.03415484223532219,0.01542774502799587,0,NA,continuous,%rich,dichot,lower,OR,0,2,0,1,4,0,NA,0,0,0,186,"Zimmerman and Bell, 2006",NA,NA,NA,NA,NA,NA,NA,NA,NA,NA,NA,NA,NA,NA,NA,NA,NA,NA,NA,NA,NA,NA,NA,NA,NA,NA,NA,1
#7650,Caicedo-Velasquez,2020,Colombia,DANE,2011,whole sample,localities,0.47,37352,55,-0.7217317323749568,0.5996644554350035,-0.03608658661874784,0.029983222771750175,0,3,categorical,Gini,dichot,lower,OR,0,2,0,0,3,0,2,1,0,0,180,"Caicedo-Velasquez and Restrepo, 2020",Departamento Administrativo Nacional de Estadística (DANE),0.39,0.55,0.47000000000000003,NA,NA,"age, gender, household socioeconomic status, number of schooling years, working mainly in the last week, martital status,  regular physical activity, morbidities, living in a noisy area, contamination problems in the area, insecurity, close to rubbish dumps, close to factories, presence of illicit drug markets",NR,2,4,0.54900000000000004,NA,>20,lower 2 of 4,9471.198799999998,37352,0.25356604197901045,19,localities,Caicedo-Velasquez and Restrepo-Mendez (2020),3,1,1,0,no information,1,1,1
#6413,Craig,2005,Scotland,SHS,1999-2000,whole sample,local authories,0.287,28340,56,-5.743064175626875,3.076246660501965,-0.28715320878134376,0.15381233302509825,1,1,categorical,Gini,dichot,lower,OR,0,0,0,0,2,0,0,1,0,0,138,"Craig, 2005",Scottish household survey (SHS),0.261,0.302,0.287,NA,NA,"age, gender, income, economic status, education",mean local authority income,2,3,0.55000000000000004,NA,16-64,lower 2 of 3,10485.8,28340,0.37,32,local authorities,Craig (2005),1,1,1,0,1,1,1,1
#2699,Hou,2005,Canada,CNPHS,1996-1997,whole sample,neighbourhoods,0.316,34592,57,-0.8189774558024513,0.14738160091757407,-0.04094887279012257,0.007369080045878704,1,2,categorical,Gini,ordinal,upper,logit,0,1,0,0,4,0,1,1,0,0,146,"Hou and Myles, 2005",Canadian National Population Health Survey (CNPHS),NA,0,0.316,NA,NA,"age, gender, family income, education, racial minority status, immigrant status","neighborhood median income, % people with university degrees",NA,5,0.49199999999999999,41.3,>15,highest of 5,NA,34592,NA,NA,neighborhoods,Hou and Myles (2005),1,2,2,0,2,1,1,1
#2699,Hou,2005,Canada,CNPHS,1996-1997,whole sample,neighbourhoods,0.316,34592,58,-0.08747859529439111,0.1477344676813396,-0.004373929764719556,0.007386723384066981,0,2,categorical,Gini,ordinal,upper,logit,0,1,0,0,4,0,1,0,0,0,146,"Hou and Myles, 2005",Canadian National Population Health Survey (CNPHS),NA,0,0.316,NA,NA,"age, gender, family income, education, racial minority status, immigrant status","neighborhood median income, % people with university degrees",NA,5,0.49199999999999999,41.3,>15,highest of 5,NA,34592,NA,NA,neighborhoods,Hou and Myles (2005),1,2,2,0,2,1,1,2
#2109,Kahn,2000,United States,NMIHS,1991,whole sample,state,0.42,8060,59,-2.620395096446206,4.534529398285084,-0.1310197548223103,0.22672646991425421,1,2,categorical,Gini,dichot,lower,OR,0,1,0,1,4,1,2,0,0,0,149,"Kahn, et al., 2000",National Maternal Infant Health Survey (NMIHS),NA,0,0.42,0.01,NA,"age, individual income, education, marital status, race/ethnicity, household size",NR,2,5,1,NA,>15,lower 2 of 5,781,8060,0.09689826302729529,50,states,Kahn et al (2000),2,2,1,0,2,1,1,1
#1667,Kennedy,1998,United States,BRFSS,1993-1994,whole sample,state,0.332,205245,60,3.4725504396110405,0.45005040294877074,0.17362752198055204,0.02250252014743854,1,2,categorical,Gini,dichot,lower,OR,0,2,0,1,4,1,1,0,0,0,151,"Kennedy, et al., 1998",Behavioral Risk Factor Surveillance System (BRFSS),NA,0,0.332,0.012,NA,"age, gender, household income, educational attainment, race, health insurance status, recent use of healthcare services, household composition, smoking status, obesity",NR,2,5,0.58299999999999996,NA,>18,lower 2 of 5,29679,205245,0.14460279178542718,50,states,Kennedy et al (1998),2,1,1,0,no information,1,1,1
#17830,LeClere,2000,United States,NHIS,1989-1991,"White, 18-44 years",counties,0.436,75020,61,2.4794013058070274,0.5451340467694099,0.12397006529035137,0.027256702338470495,1,3,categorical,Gini,dichot,lower,OR,0,1,0,1,4,0,2,1,0,0,152,"Leclere and Soobader, 2000",National Health Interview Survey (NHIS),0.38,0.85,0.436,NA,NA,"age, gender, logged family to income needs ratio, continuous years of schooling",county poverty level,2,5,0.54766666666666652,53,>18,lower 2 of 5,20555,161711,0.12710947307233275,NA,counties,LeClere and Soobader (2002),3,1,1,0,no information,1,1,1
#17830,LeClere,2000,United States,NHIS,1989-1991,"Black, 18-44 years",counties,0.436,14502,62,-0.5737211760608014,0.5130008557616252,-0.028686058803040072,0.025650042788081265,1,3,categorical,Gini,dichot,lower,OR,0,2,0,1,4,0,2,1,0,0,152,"Leclere and Soobader, 2000",National Health Interview Survey (NHIS),0.38,0.85,0.436,NA,NA,"age, gender, logged family to income needs ratio, continuous years of schooling",county poverty level,2,5,0.54766666666666652,53,>18,lower 2 of 5,20555,161711,0.12710947307233275,NA,counties,LeClere and Soobader (2002),3,1,1,0,no information,1,1,2
#17830,LeClere,2000,United States,NHIS,1989-1991,"White, 45-64 years",counties,0.436,38279,63,1.123544411567296,0.5420785529254006,0.0561772205783648,0.027103927646270034,1,3,categorical,Gini,dichot,lower,OR,0,1,0,1,4,0,2,1,0,0,152,"Leclere and Soobader, 2000",National Health Interview Survey (NHIS),0.38,0.85,0.436,NA,NA,"age, gender, logged family to income needs ratio, continuous years of schooling",county poverty level,2,5,0.54766666666666652,53,>18,lower 2 of 5,20555,161711,0.12710947307233275,NA,counties,LeClere and Soobader (2002),3,1,1,0,no information,1,1,3
#17830,LeClere,2000,United States,NHIS,1989-1991,"Black, 45-64 years",counties,0.436,6383,64,-0.09228267865898424,0.5097046477645374,-0.004614133932949212,0.02548523238822687,1,3,categorical,Gini,dichot,lower,OR,0,1,0,1,4,0,2,1,0,0,152,"Leclere and Soobader, 2000",National Health Interview Survey (NHIS),0.38,0.85,0.436,NA,NA,"age, gender, logged family to income needs ratio, continuous years of schooling",county poverty level,2,5,0.54766666666666652,53,>18,lower 2 of 5,20555,161711,0.12710947307233275,NA,counties,LeClere and Soobader (2002),3,1,1,0,no information,1,1,4
#17830,LeClere,2000,United States,NHIS,1989-1991,"White, >65 years",counties,0.436,6806,65,0.45540207392623416,0.5453142492957126,0.02277010369631171,0.02726571246478563,1,3,categorical,Gini,dichot,lower,OR,0,0,0,1,4,0,2,1,1,0,152,"Leclere and Soobader, 2000",National Health Interview Survey (NHIS),0.38,0.85,0.436,NA,NA,"age, gender, logged family to income needs ratio, continuous years of schooling",county poverty level,2,5,0.54766666666666652,53,>18,lower 2 of 5,20555,161711,0.12710947307233275,NA,counties,LeClere and Soobader (2002),3,1,1,0,no information,1,1,5
#17830,LeClere,2000,United States,NHIS,1989-1991,"Black, >65 years",counties,0.436,818,66,-1.1929909713182263,0.5375916065460555,-0.059649548565911314,0.02687958032730278,1,3,categorical,Gini,dichot,lower,OR,0,2,0,1,4,0,2,1,1,0,152,"Leclere and Soobader, 2000",National Health Interview Survey (NHIS),0.38,0.85,0.436,NA,NA,"age, gender, logged family to income needs ratio, continuous years of schooling",county poverty level,2,5,0.54766666666666652,53,>18,lower 2 of 5,20555,161711,0.12710947307233275,NA,counties,LeClere and Soobader (2002),3,1,1,0,no information,1,1,6
#16757,Massa,2018,Brazil,PNS,2013,whole sample,capital,0.615,27017,67,1.9157076789463294,0.32193631249777843,0.09578538394731648,0.016096815624888922,0,3,categorical,Gini,dichot,lower,OR,0,2,0,0,3,0,2,1,0,0,153,"Massa, et al., 2018",National Health Survey (PNS),0.54,0.69,0.615,NA,NA,"age, gender, educational attainment, marital status, race, smoking, presence of hypertension, diabetes, hypercholesterolemia, depression","per capita income, illiteracy rate, violence",2,5,0.54949999999999999,NA,>18,lower 2 of 5,1367,27017,0.0505977717733279,27,capital cities,Massa and Chiavegatto (2018),3,2,2,0,no information,1,1,1
#16757,Massa,2018,Brazil,PNS,2013,whole sample,capital,0.615,27017,68,3.380389366249346,0.475659526960148,0.1690194683124673,0.0237829763480074,1,3,categorical,Gini,dichot,lower,OR,0,1,0,0,3,0,2,0,0,0,153,"Massa, et al., 2018",National Health Survey (PNS),0.54,0.69,0.615,NA,NA,"age, gender, educational attainment, marital status, race, smoking, presence of hypertension, diabetes, hypercholesterolemia, depression","per capita income, illiteracy rate, violence",2,5,0.54949999999999999,NA,>18,lower 2 of 5,1367,27017,0.0505977717733279,27,capital cities,Massa and Chiavegatto (2018),3,2,2,0,no information,1,1,2
#16758,Massa,2021,Brazil,PNS,2013,>60,capital,0.615,3964,69,7.80490811667169,0.2945510081385402,0.3902454058335845,0.01472755040692701,0,NA,categorical,Gini,dichot,lower,OR,0,1,0,0,3,0,2,1,1,0,182,"Massa and Chiavegatto, 2021",NA,NA,NA,NA,NA,NA,NA,NA,NA,NA,NA,NA,NA,NA,NA,NA,NA,NA,NA,NA,NA,NA,NA,NA,NA,NA,NA,1
#13335,Rostila,2012,Sweden,PHQ,2002,whole sample,municipality,0.3135,27737,70,0.7574621899844598,0.34295550167471617,0.03787310949922299,0.01714777508373581,1,2,categorical,Gini,dichot,lower,OR,0,1,0,0,2,1,1,1,0,0,156,"Rostila, et al., 2012",Stockholm County Council’s Public Health Questionnaire (PHQ),0.27,0.6,0.314,NA,NA,"age, gender, family income, marital status",average area income,2,5,0.54,NA,18-84,lower 2 of 5,NA,31182,NA,25,municipalities,Rostila et al (2012),1,2,0,0,no information,1,1,1
#13335,Rostila,2012,Sweden,PHQ,2002,whole sample,municipality,0.3135,27737,71,0.47297284087405483,0.23901416421449753,0.023648642043702744,0.011950708210724878,0,2,categorical,Gini,dichot,lower,OR,0,0,0,0,2,1,1,0,0,0,156,"Rostila, et al., 2012",Stockholm County Council’s Public Health Questionnaire (PHQ),0.27,0.6,0.314,NA,NA,"age, gender, family income, marital status",average area income,2,5,0.54,NA,18-84,lower 2 of 5,NA,31182,NA,25,municipalities,Rostila et al (2012),1,2,0,0,no information,1,1,2
#13335,Rostila,2012,Sweden,PHQ,2002,whole sample,neighbourhoods,0.32,27650,72,-0.3161499853412672,0.21412361905549093,-0.01580749926706336,0.010706180952774548,0,2,categorical,Gini,dichot,lower,OR,0,1,0,0,2,0,1,1,0,0,156,"Rostila, et al., 2012",Stockholm County Council’s Public Health Questionnaire (PHQ),0.27,0.6,0.314,NA,NA,"age, gender, family income, marital status",average area income,2,5,0.54,NA,18-84,lower 2 of 5,NA,31182,NA,25,municipalities,Rostila et al (2012),1,2,0,0,no information,1,1,3
#13335,Rostila,2012,Sweden,PHQ,2002,whole sample,neighbourhoods,0.32,27650,73,-1.8438822958422099,0.17951298230537022,-0.0921941147921105,0.00897564911526851,0,2,categorical,Gini,dichot,lower,OR,0,0,0,0,2,0,1,0,0,0,156,"Rostila, et al., 2012",Stockholm County Council’s Public Health Questionnaire (PHQ),0.27,0.6,0.314,NA,NA,"age, gender, family income, marital status",average area income,2,5,0.54,NA,18-84,lower 2 of 5,NA,31182,NA,25,municipalities,Rostila et al (2012),1,2,0,0,no information,1,1,4
#12870,Shibuya,2002,Japan,CSLCPHW,1995,whole sample,prefrecture,0.36,80900,74,1.0935436815567094,0.791707188745651,0.05467718407783548,0.03958535943728256,1,1,categorical,Gini,dichot,lower,OR,0,0,0,0,1,0,1,1,0,0,157,"Shibuya, et al., 2002",Comprehensive Survey of Living Conditions of People on Health and Welfare (CSLCPHW),0.31,0.45,0.36,0.03,NA,"age, gender, household income, marital status, medical check up",dummy variables for geopolitical blocks,2,5,0.52300000000000002,NA,>15,lower 2 of 5,8415,80900,0.10401730531520395,46,prefectures,Shibuya et al (2002),1,1,1,0,1,1,1,1
#12870,Shibuya,2002,Japan,CSLCPHW,1995,whole sample,prefrecture,0.36,80900,75,-0.33507944832578235,0.5434854773304796,-0.016753972416289117,0.02717427386652398,0,1,categorical,Gini,dichot,lower,OR,0,0,0,0,1,0,1,0,0,0,157,"Shibuya, et al., 2002",Comprehensive Survey of Living Conditions of People on Health and Welfare (CSLCPHW),0.31,0.45,0.36,0.03,NA,"age, gender, household income, marital status, medical check up",dummy variables for geopolitical blocks,2,5,0.52300000000000002,NA,>15,lower 2 of 5,8415,80900,0.10401730531520395,46,prefectures,Shibuya et al (2002),1,1,1,0,1,1,1,2
#11984,Subramanian,2003,Chile,CASEN,2000,whole sample,communities,0.528,98344,76,1.1633226823479648,0.3350346919307836,0.05816613411739824,0.01675173459653918,1,1,categorical,Gini,dichot,lower,logit,0,1,0,0,3,0,2,1,0,0,160,"Subramanian, et al., 2003",National Socioeconomic Characterization Survey (CASEN),NA,NA,0.528,NA,NA,"age, gender, equivalised monthly household income, education, employment status, marital status, ethnicity, type of insurance, urban-rural residence",community median income,2,5,0.628,43,15-99,lower 2 of 5,8513,98344,0.0865634914178801,285,communities,Subramanian et al (2003b),1,0,1,0,no information,1,1,1
#10232,Weich,2002,United Kingdom,BHPS,1991,whole sample,regions,0.29,8366,77,6.849666055669096,3.565009714715451,0.34248330278345485,0.17825048573577257,1,1,categorical,Gini,dichot,lower,OR,0,0,0,0,2,1,0,0,0,0,162,"Weich, et al., 2002",British Household Panel Survey (BHPS),0.258,0.324,0.29,NA,NA,"age, gender, social class by head of household, education, employment, marital status, ethnicity, housing tenure",NR,2,5,NR,NA,16–75,lower 2 of 5,2430.824,8366,0.29055988524982074,18,regions,Weich et al (2002),1,1,0,0,1,1,1,1
#10444,Wong,2009,Hong Kong,THS,2002,whole sample,tertiary planning unit,0.535,24610,78,0.5148890817896195,0.5417636791761964,0.025744454089480975,0.02708818395880982,1,2,categorical,Gini,dichot,lower,OR,0,2,0,0,1,0,2,0,0,0,164,"Wong, et al., 2009",Thematic Household Surveys (THS),0.125,0.556,0.535,NA,NA,"age, gender, monthly household income, economic activity status, education, marital status",NR,2,5,0.52300000000000002,NA,>15,lower 2 of 5,10888,24610,0.44242177976432345,172,Tertiary Planning Unit (TPU),Wong et al (2009),1,0,0,0,2,1,1,1
#9758,Xi,2005,Canada,OHS,1996-1997,whole sample,public health unit,0.37,30820,79,1.2175232458009808,0.5906225480149413,0.060876162290049045,0.029531127400747065,1,2,categorical,Gini,dichot,lower,OR,0,0,0,0,4,0,1,1,0,0,165,"Xi, et al., 2005","Ontario Health Survey (OHS), an expansion of the National Population Health Survey (NPHS)",0.34,0.52,NA,NA,0.37,"age, gender, household income, educational level, marital status, regular exercise, smoking habits",median area income,2,5,0.54033095392602204,NA,>25,lower 2 of 5,3942,30820,0.12790395846852692,42,public health units,Xi et al (2005),1,2,0,0,2,1,1,1
#9758,Xi,2005,Canada,OHS,1996-1997,whole sample,public health unit,0.37,30820,80,1.3178830167010662,0.5479908230796359,0.06589415083505332,0.027399541153981796,0,2,categorical,Gini,dichot,lower,OR,0,0,0,0,4,0,1,0,0,0,165,"Xi, et al., 2005","Ontario Health Survey (OHS), an expansion of the National Population Health Survey (NPHS)",0.34,0.52,NA,NA,0.37,"age, gender, household income, educational level, marital status, regular exercise, smoking habits",median area income,2,5,0.54033095392602204,NA,>25,lower 2 of 5,3942,30820,0.12790395846852692,42,public health units,Xi et al (2005),1,2,0,0,2,1,1,2
